id,front,back,source,tags,status
GEOG1115L-W03-COORD-001,What are the four mandatory component files of a complete Esri Shapefile?,".shp (geometry), .shx (spatial index), .dbf (attribute database table), and .prj (projection coordinate definition).",Lab 2 Part 2,GEOG1115L::W03::LAB2::shapefile-formats,Verified
GEOG1115L-W03-COORD-002,What is On-The-Fly (OTF) Reprojection in QGIS?,"The automatic mathematical conversion of layers stored in different CRSs into the project's display CRS in real time without altering source files.",Lab 2 Part 2 Q6,GEOG1115L::W03::LAB2::on-the-fly-reprojection,Verified
GEOG1115L-W03-COORD-003,What units are used by Geographic Coordinate Systems such as WGS 84 (EPSG:4326)?,"Angular units (decimal degrees of latitude and longitude).",Lab 2 Part 3,GEOG1115L::W03::LAB2::gcs-degrees,Verified
GEOG1115L-W03-COORD-004,What units are used by Projected Coordinate Systems such as UTM Zone 13N (EPSG:26913)?,"Linear metric units (meters of Easting and Northing).",Lab 2 Part 3,GEOG1115L::W03::LAB2::pcs-meters,Verified
GEOG1115L-W03-COORD-005,Why is Web Mercator (EPSG:3857) widely used for web mapping despite area distortion?,"It is conformal, meaning it preserves local right angles and street shapes perfectly, allowing rapid square tile generation and intuitive local navigation.",Lab 2 Part 5 Q15,GEOG1115L::W03::LAB2::web-mercator,Verified
GEOG1115L-W03-COORD-006,What is the 'Greenland Problem' in cartography?,"The massive visual exaggeration of high-latitude landmasses on cylindrical conformal maps (like Mercator), making Greenland appear the size of Africa when it is actually 1/14th its size.",Lab 2 Part 5 Q13,GEOG1115L::W03::LAB2::greenland-problem,Verified
GEOG1115L-W03-COORD-007,What is the difference between planimetric and ellipsoidal distance measurements?,"Planimetric measures across a flat 2D map ignoring curvature; ellipsoidal measures the true shortest geodesic distance across Earth's 3D curved surface.",Lab 2 Part 4,GEOG1115L::W03::LAB2::measurement-types,Verified
GEOG1115L-W03-COORD-008,How wide is each Universal Transverse Mercator (UTM) zone in degrees of longitude?,"6 degrees of longitude.",Lab 2 Part 3 Q9,GEOG1115L::W03::LAB2::utm-zones,Verified
GEOG1115L-W03-COORD-009,What is the difference between precision and accuracy in GIS measurements?,"Precision is the degree of detail or decimal places reported; accuracy is how close the measurement is to the true real-world value.",Lab 2 Part 6 Q18,GEOG1115L::W03::LAB2::precision-vs-accuracy,Verified
GEOG1115L-W03-COORD-010,What is the core takeaway of GEOG 1115L Lab 2 regarding coordinates?,"A coordinate is not an inherent fact about a place; it is a measurement taken relative to a chosen reference frame and datum.",Lab 2 Takeaway,GEOG1115L::W03::LAB2::core-concept,Verified
